instruction,context,response,category,source,type
"How much should I save monthly to accumulate ₹50,00,000 for my child’s education in 15 years?","Assume an annual return of 8%. Use the future value of annuities formula: FV = P * [(1 + r)^n - 1] / r, where FV = ₹50,00,000, r = 8%/12, n = 15*12.","To save ₹50,00,000 in 15 years with an 8% annual return, you need to save approximately ₹13,000 per month. This is calculated using the future value of annuities formula.",Education Planning,Financial Planning Guide for Parents,Annuities Calculation
"How do I allocate my monthly salary of ₹1,00,000 based on the 50/30/20 budgeting rule?","The 50/30/20 rule suggests allocating 50% of income to needs, 30% to wants, and 20% to savings. Monthly income = ₹1,00,000.","Based on the 50/30/20 rule, allocate ₹50,000 to needs, ₹30,000 to wants, and ₹20,000 to savings each month.",Budgeting,Personal Finance Basics,Budget Calculation
"What is the return on investment (ROI) if I buy a stock at ₹1,20,000 and sell it for ₹1,80,000?",The ROI formula is ROI = [(Final Value - Initial Investment) / Initial Investment] * 100%.,"For a stock bought at ₹1,20,000 and sold at ₹1,80,000, the ROI is 50%. This is calculated as [(1,80,000 - 1,20,000) / 1,20,000] * 100%.",Stocks,Investment Calculations Handbook,ROI Calculation
"How much interest will I earn annually on a ₹5,00,000 bond with a 7% coupon rate?",The interest on a bond (coupon payment) is calculated using the formula: Interest = Face Value * Coupon Rate.,"For a ₹5,00,000 bond with a 7% coupon rate, the annual interest is ₹35,000. This is calculated by multiplying the face value by the coupon rate (5,00,000 * 0.07).",Bonds,Bond Investment Guide,Interest Calculation
"How can I calculate the premium for a health insurance policy with ₹5,00,000 coverage for a 30-year-old?","Insurance premiums depend on age, health, and coverage. For a 30-year-old, a health insurance policy with ₹5,00,000 coverage might have an annual premium of ₹8,000 - ₹10,000 based on health status.","The premium for a health insurance policy with ₹5,00,000 coverage for a 30-year-old typically ranges between ₹8,000 and ₹10,000 annually, assuming standard health conditions.",Insurance,Health Insurance Premium Guide,Premium Calculation
What monthly investment is required to build a corpus of ₹1 crore in 20 years with a 12% return?,"Using the future value of annuities formula: FV = P * [(1 + r)^n - 1] / r, where FV = ₹1 crore, r = 12%/12, n = 20*12.","To build ₹1 crore in 20 years with a 12% annual return, you need to invest approximately ₹10,000 per month.",Retirement Planning,Retirement Savings Guide,Annuities Calculation
"How much should I save per month to buy a car worth ₹8,00,000 in 5 years with no interest?","To save ₹8,00,000 in 5 years with no interest, divide the target amount by the number of months: 8,00,000 / (5 * 12).","To buy a car worth ₹8,00,000 in 5 years with no interest, you should save approximately ₹13,333 per month.",Goal-based Savings,Personal Savings Plan,Savings Calculation
"How can I calculate annual interest on a Fixed Deposit of ₹2,00,000 at 6.5% interest rate?","For simple interest: Interest = Principal * Rate * Time. Here, Principal = ₹2,00,000, Rate = 6.5%, Time = 1 year.","The annual interest on a ₹2,00,000 Fixed Deposit at 6.5% interest rate is ₹13,000.",Fixed Deposits,Banking and Interest Calculations,Interest Calculation
"What is the effective tax rate if my total income is ₹10,00,000 and I pay ₹1,50,000 in taxes?","Effective Tax Rate = (Total Tax Paid / Total Income) * 100%. Example: For an income of ₹10,00,000 with ₹1,50,000 tax, the rate is (1,50,000 / 10,00,000) * 100%.","The effective tax rate for an income of ₹10,00,000 with ₹1,50,000 tax paid is 15%.",Tax Planning,Income Tax Guide,Tax Calculation
