instruction,context,response,source,section,page
What are the main factors influencing personal finance management among Indian professionals?,"The study concludes that income, saving, educational level, lifestyle, and residing status are the factors that determine the personal finance management of Indian working professionals.","The main factors influencing personal finance management among Indian professionals are income, savings, educational level, lifestyle, and residing status. These factors determine how effectively individuals can plan and manage their finances.",Personal Finance Management of Indian Working Professionals: An Empirical Study,Conclusion,182
Why is financial literacy important for Indian working professionals?,"Financial literacy enables individuals to understand and manage personal finances, enhancing their ability to make informed decisions about saving, investing, and planning for retirement. Lack of financial literacy is linked to poor financial behavior.","Financial literacy is crucial for Indian working professionals as it empowers them to make informed financial decisions, manage their resources wisely, and plan for a secure future. Improved financial literacy leads to better financial outcomes.",Personal Finance Management of Indian Working Professionals: An Empirical Study,Importance of Financial Literacy,180
How does lifestyle affect personal finance management?,"Lifestyle and residing status, such as healthcare costs and education expenses, play a significant role in personal finance management. Professionals with higher living standards tend to prioritize financial planning to sustain their lifestyle.",Lifestyle affects personal finance management as it influences spending patterns and the need for financial planning. Higher living standards often lead to a greater focus on managing finances to support one’s lifestyle.,Personal Finance Management of Indian Working Professionals: An Empirical Study,Factors Affecting Personal Finance,181
What role does education level play in financial management?,The educational level of an individual is closely associated with their ability to manage complex investment products and engage in financial planning. Higher education correlates with greater financial literacy.,"Education level plays a significant role in financial management by equipping individuals with the knowledge to understand and manage investments, which contributes to more effective financial planning.",Personal Finance Management of Indian Working Professionals: An Empirical Study,Educational Impact on Finance,181
What is the impact of income on personal finance management?,"Income is one of the primary determinants of personal finance management, as it influences the ability to save, invest, and achieve financial stability. Higher income levels generally correlate with better financial management practices.","Income directly impacts personal finance management. Higher income allows for increased savings and investments, which contributes to greater financial security and stability.",Personal Finance Management of Indian Working Professionals: An Empirical Study,Factors Impacting Finance,182
What is the importance of setting financial goals?,"Setting financial goals helps individuals align their income, expenses, and investments towards achieving specific objectives. Goals provide direction for savings, investments, and budgeting.","Setting financial goals is crucial because it gives a clear direction for managing finances, making it easier to save, budget, and invest effectively to achieve specific financial milestones.",Personal Finance Management of Indian Working Professionals: An Empirical Study,Goal Setting,175
How does financial literacy impact personal finance decisions?,"Financial literacy enables individuals to make informed decisions regarding savings, investments, and debt management. It is essential for managing personal finances effectively.","Financial literacy plays a key role in personal finance management by helping individuals make informed decisions about savings, investments, and debt. This knowledge leads to better financial outcomes.",Personal Finance Management of Indian Working Professionals: An Empirical Study,Impact of Financial Literacy,180
What is the role of budgeting in financial planning?,"Budgeting is a process that helps individuals track their income and expenses. It is a tool for managing spending, saving, and investing according to financial goals.","Budgeting is an essential part of financial planning, as it allows individuals to manage their spending, save for goals, and ensure they do not overspend.",Personal Finance Management of Indian Working Professionals: An Empirical Study,Budgeting,176
Why is retirement planning essential for working professionals?,Retirement planning is crucial for securing financial independence in old age. It involves saving and investing during one’s working years to build a retirement fund.,"Retirement planning ensures that working professionals have enough savings and investments to maintain their standard of living after retirement, without relying on others for support.",Personal Finance Management of Indian Working Professionals: An Empirical Study,Retirement Planning,178
What are some effective debt management strategies?,"Debt management strategies include paying off high-interest debts first, consolidating loans, and setting up a payment plan to avoid default. Effective debt management helps improve credit scores and financial health.","Effective debt management involves prioritizing high-interest debts, consolidating loans if necessary, and maintaining a consistent payment plan to improve financial health and credit score.",Personal Finance Management of Indian Working Professionals: An Empirical Study,Debt Management,181
How can healthcare costs impact financial planning?,Rising healthcare costs can strain personal finances and affect savings. Including healthcare expenses in financial planning ensures that individuals are prepared for medical emergencies without depleting savings.,Healthcare costs are a significant factor in financial planning. Including healthcare expenses in your budget prepares you for unexpected medical expenses without disrupting other financial goals.,Personal Finance Management of Indian Working Professionals: An Empirical Study,Healthcare Costs,182
Why is it important to track personal expenses?,"Tracking personal expenses helps individuals understand their spending patterns, identify areas to save, and make adjustments to meet financial goals.",Tracking personal expenses is important for identifying spending patterns and finding areas to cut back. This helps in aligning spending with financial goals and improving savings.,Personal Finance Management of Indian Working Professionals: An Empirical Study,Expense Tracking,183
What are the benefits of a diversified investment portfolio?,"A diversified investment portfolio reduces risk by spreading investments across different asset classes, such as stocks, bonds, and real estate. Diversification helps balance returns and minimizes losses.","Diversification spreads investments across various asset types, reducing the risk of loss. This approach balances potential returns and is an essential strategy for long-term financial stability.",Personal Finance Management of Indian Working Professionals: An Empirical Study,Investment Diversification,184
How does inflation affect personal savings?,"Inflation decreases the purchasing power of savings over time. It is essential to invest in inflation-resistant assets, such as real estate or stocks, to maintain the value of savings.","Inflation erodes the value of money, meaning that saved funds will buy less in the future. To combat this, investing in assets that appreciate with inflation is recommended.",Personal Finance Management of Indian Working Professionals: An Empirical Study,Inflation and Savings,185
What are some common financial goals for young professionals?,"Young professionals often prioritize goals like saving for a house, paying off student loans, building an emergency fund, and starting retirement savings early.","Common financial goals for young professionals include building an emergency fund, saving for a home, paying off debt, and starting retirement contributions as early as possible.",Personal Finance Management of Indian Working Professionals: An Empirical Study,Financial Goals for Young Professionals,186
